{
    "data": {
    "nodes": [
      {
        "id": 1,
        "name": "Lettres de Mistriss Henley",
        "group": "Henley, Mari, Justification"
       },
       {
        "id": 2,
        "name": "Première Lettre",
        "group": "Henley, Mari, Justification"
       },
       {
        "id": 3,
        "name": "Les Henley et les Bompré",
        "group": "Henley, Mari, Justification"
       },
       {
        "id": 4,
        "name": "Condamnations",
        "group": "Henley, Mari, Justification"
       },
       {
        "id": 5,
        "name": "Mistriss Henley et Mme Bompré",
        "group": "Henley, Mari, Justification"
       },
       {
        "id": 6,
        "name": "L'histoire de Mistriss Henley",
        "group": "Visions du mariage"
       },
       {
        "id": 7,
        "name": "Le choix d'un mari",
        "group": "Visions du mariage"
       },
       {
        "id": 8,
        "name": "Le départ pour la campagne",
        "group": "Campagne : espoirs et aliénation"
       },
       {
        "id": 9,
        "name": "Seconde Lettre",
        "group": "Campagne : espoirs et aliénation"
       },
       {
        "id": 10,
        "name": "L'éducation de l’enfant de M. Henley",
        "group": "Education & Mariage"
       },
       {
        "id": 11,
        "name": "Les domestiques de Hollowpark",
        "group": "Conflits dans la vie commune"
       },
       {
        "id": 12,
        "name": "L'ameublement de Hollowpark",
        "group": "Conflits dans la vie commune"
       },
       {
        "id": 13,
        "name": "La belle-famille de Mistriss Henley",
        "group": "Conflits dans la vie commune"
       },
       {
        "id": 14,
        "name": "La conjugalité : désillusion",
        "group": "Conflits dans la conjugalité"
       },
       {
        "id": 15,
        "name": "Troisième Lettre",
        "group": "Conflits dans la conjugalité"
       },
       {
        "id": 16,
        "name": "L'aventure Mrs Grace",
        "group": "Conflits dans la vie commune"
       },
       {
        "id": 17,
        "name": "S'adapter à la campagne",
        "group": "Campagne : espoirs et aliénation"
       },
       {
        "id": 18,
        "name": "Quatrième Lettre",
        "group": "Conflits dans la vie commune"
       },
       {
        "id": 19,
        "name": "Le bal",
        "group": "Conflits dans la vie commune"
       },
       {
        "id": 20,
        "name": "Une adversaire : Miss Clairville",
        "group": "Conflits dans la vie commune"
       },
       {
        "id": 21,
        "name": "Lettre de Mrs Henley à son mari",
        "group": "Conflits dans la conjugalité"
       },
       {
        "id": 22,
        "name": "Cinquième Lettre",
        "group": "Maternité"
       },
       {
        "id": 23,
        "name": "Sixième Lettre",
        "group": "Conflits dans la conjugalité"
       },
       {
        "id": 24,
        "name": "L'annonce de la grossesse",
        "group": "Maternité"
       },
       {
        "id": 25,
        "name": "Le discours de M. Henley",
        "group": "Conflits dans la conjugalité"
       },
       {
        "id": 26,
        "name": 8,
        "group": "FIN"
       },
       {
        "id": 27,
        "name": "Hector",
        "group": "Henley, Mari, Justification"
       },
       {
        "id": 28,
        "name": "Nanon & Antoine",
        "group": "Henley, Mari, Justification"
       },
       {
        "id": 29,
        "name": "Le bonheur des amis fausse son propre bonheur",
        "group": "Conflits dans la conjugalité"
       },
       {
        "id": 30,
        "name": "Les moqueries des femmes",
        "group": "Visions du mariage"
       },
       {
        "id": 31,
        "name": "La chasse",
        "group": "Conflits dans la vie commune"
       },
       {
        "id": 32,
        "name": "Le cheval",
        "group": "Conflits dans la vie commune"
       },
       {
        "id": 33,
        "name": "L'arrivée du printemps",
        "group": "Henley, Mari, Justification"
       },
       {
        "id": 34,
        "name": "Le fermier",
        "group": "Conflits dans la vie commune"
       },
       {
        "id": 35,
        "name": "Le bonheur des amis fait son propre bonheur",
        "group": "Visions du mariage"
       },
       {
        "id": 36,
        "name": "Les préférences de Monsieur Bompré",
        "group": "Conflits dans la vie commune"
       },
       {
        "id": 37,
        "name": "Les fiançailles",
        "group": "Visions du mariage"
       },
       {
        "id": 38,
        "name": "Changement de pays",
        "group": "Campagne : espoirs et aliénation"
       },
       {
        "id": 39,
        "name": "La simplicité plait",
        "group": "Conflits dans la vie commune"
       },
       {
        "id": 40,
        "name": "L'accueil des serviteurs",
        "group": "Conflits dans la vie commune"
       },
       {
        "id": 41,
        "name": "La corruption politique",
        "group": "Conflits dans la vie commune"
       },
       {
        "id": 42,
        "name": "Une vision conjugale",
        "group": "Campagne : espoirs et aliénation"
       },
       {
        "id": 43,
        "name": "La tranquilité du bonheur",
        "group": "Visions du mariage"
       },
       {
        "id": 44,
        "name": "Un ameublement trop ancien",
        "group": "Conflits dans la vie commune"
       },
       {
        "id": 45,
        "name": "Distensions conjugales",
        "group": "Conflits dans la conjugalité"
       },
       {
        "id": 46,
        "name": "Des sensibilités univoques",
        "group": "Conflits dans la conjugalité"
       },
       {
        "id": 47,
        "name": "Le cabinet",
        "group": "Henley, Mari, Justification"
       },
       {
        "id": 48,
        "name": "Les femmes et les livres",
        "group": "Conflits dans la conjugalité"
       },
       {
        "id": 49,
        "name": "La belle-famille de Madame Bompré",
        "group": "Conflits dans la vie commune"
       },
       {
        "id": 50,
        "name": "Renoncer aux vieux meubles",
        "group": "Conflits dans la vie commune"
       },
       {
        "id": 51,
        "name": "Les visites aux voisins",
        "group": "Conflits dans la vie commune"
       },
       {
        "id": 52,
        "name": "Une étrangère au pays",
        "group": "Campagne : espoirs et aliénation"
       },
       {
        "id": 53,
        "name": "Un portrait et un adieu",
        "group": "Conflits dans la vie commune"
       },
       {
        "id": 54,
        "name": "Le brave Antoine",
        "group": "Conflits dans la vie commune"
       },
       {
        "id": 55,
        "name": "Le brave Hector",
        "group": "Conflits dans la vie commune"
       },
       {
        "id": 56,
        "name": "Le renvoi d'Antoine",
        "group": "Conflits dans la vie commune"
       },
       {
        "id": 57,
        "name": "La démission de Nanon",
        "group": "Conflits dans la vie commune"
       },
       {
        "id": 58,
        "name": "Hector à la porte",
        "group": "Conflits dans la vie commune"
       },
       {
        "id": 59,
        "name": "Le refuge de la chasse",
        "group": "Conflits dans la vie commune"
       },
       {
        "id": 60,
        "name": "Feu Hector",
        "group": "Conflits dans la vie commune"
       },
       {
        "id": 61,
        "name": "Madame Bompré jalouse d'une paysanne",
        "group": "Conflits dans la vie commune"
       },
       {
        "id": 62,
        "name": "Suicide",
        "group": "FIN"
       },
       {
        "id": 63,
        "name": "Variante : dernier paragraphe de l'édition de 1783",
        "group": "FIN"
       },
       {
        "id": 64,
        "name": "Variante : dernier paragraphe de l'édition de 1785",
        "group": "FIN"
       },
       {
        "id": 65,
        "name": "Justification de M. Henley",
        "group": "Henley, Mari, Justification"
       },
       {
        "id": 66,
        "name": "M. Henley s'est reconnu",
        "group": "Henley, Mari, Justification"
       },
       {
        "id": 67,
        "name": "Ce que l'Amie a su dire de Mistriss Henley, et ce qui manque",
        "group": "Henley, Mari, Justification"
       },
       {
        "id": 68,
        "name": "La culpabilité du Mari sentimental",
        "group": "Henley, Mari, Justification"
       },
       {
        "id": 69,
        "name": "La lecture du Mari sentimental",
        "group": "Henley, Mari, Justification"
       },
       {
        "id": 70,
        "name": "Le commencement du mariage",
        "group": "Visions du mariage"
       },
       {
        "id": 71,
        "name": "Le bureau",
        "group": "Conflits dans la vie commune"
       },
       {
        "id": 72,
        "name": "Le tuteur d'une nièce",
        "group": "Henley, Mari, Justification"
       },
       {
        "id": 73,
        "name": "La nièce",
        "group": "Education & Mariage"
       },
       {
        "id": 74,
        "name": "L'éducation de la nièce de M. Henley",
        "group": "Education & Mariage"
       },
       {
        "id": 75,
        "name": "La coiffure",
        "group": "Conflits dans la vie commune"
       },
       {
        "id": 76,
        "name": "Mademoiselle Clairville",
        "group": "Conflits dans la vie commune"
       },
       {
        "id": 77,
        "name": "Le lendemain du bal",
        "group": "Conflits dans la vie commune"
       },
       {
        "id": 78,
        "name": "Jalousie, regrets, culpabilité",
        "group": "Conflits dans la vie commune"
       },
       {
        "id": 79,
        "name": "L'intérêt de Madame Henley pour sa nièce",
        "group": "Education & Mariage"
       },
       {
        "id": 80,
        "name": "La belle-famille de Madame Henley",
        "group": "Conflits dans la vie commune"
       },
       {
        "id": 81,
        "name": "La Lettre de Madame Henley à son mari",
        "group": "Conflits dans la conjugalité"
       },
       {
        "id": 82,
        "name": "La Lettre, selon Monsieur Henley",
        "group": "Conflits dans la conjugalité"
       },
       {
        "id": 83,
        "name": "La 7 : la dernière frontière",
        "group": "Maternité"
       },
       {
        "id": 84,
        "name": "La voix de Madame Henley : M. Alesford",
        "group": "Conflits dans la vie commune"
       },
       {
        "id": 85,
        "name": "La voix de Madame Henley : le joug du mariage",
        "group": "Conflits dans la conjugalité"
       },
       {
        "id": 86,
        "name": "La voix de Madame Henley : le poids de la raison",
        "group": "Conflits dans la conjugalité"
       },
       {
        "id": 87,
        "name": "La voix de Madame Henley : le bonheur raisonné",
        "group": "Conflits dans la conjugalité"
       },
       {
        "id": 88,
        "name": "La voix de Madame Henley : la Lettre",
        "group": "Conflits dans la conjugalité"
       },
       {
        "id": 89,
        "name": "La voix de Madame Henley : l'éducation des filles",
        "group": "Education & Mariage"
       },
       {
        "id": 90,
        "name": "La voix de Madame Henley : (s')éduquer",
        "group": "Education & Mariage"
       },
       {
        "id": 91,
        "name": "La voix de Madame Henley : éduquer pour le mariage",
        "group": "Education & Mariage"
       },
       {
        "id": 92,
        "name": "La voix de Madame Henley : plaire et se faire aimer",
        "group": "Education & Mariage"
       },
       {
        "id": 93,
        "name": "La voix de Madame Henley : la vertu pour le mariage",
        "group": "Education & Mariage"
       },
       {
        "id": 94,
        "name": "La voix de Madame Henley : les femmes et le savoir",
        "group": "Education & Mariage"
       },
       {
        "id": 95,
        "name": "La voix de Madame Henley : le \"choix\" du mari",
        "group": "Education & Mariage"
       },
       {
        "id": 96,
        "name": "La voix de Madame Henley : l'éducation appliquée",
        "group": "Conflits dans la vie commune"
       },
       {
        "id": 97,
        "name": "La voix de Madame Henley : les dernières volontés pour les filles",
        "group": "Education & Mariage"
       },
       {
        "id": 98,
        "name": "Le mot de la 8",
        "group": "Conflits dans la vie commune"
       },
       {
        "id": 99,
        "name": "Écho d'Isabelle de Charrière : le tilleul",
        "group": "Charrière & Henley"
       },
       {
        "id": 100,
        "name": "Écho d'Isabelle de Charrière : adieux",
        "group": "FIN"
       },
       {
        "id": 101,
        "name": "Écho d'Isabelle de Charrière : La Fontaine",
        "group": "Charrière & Henley"
       },
       {
        "id": 102,
        "name": "Écho d'Isabelle de Charrière : genèse",
        "group": "Henley, Mari, Justification"
       },
       {
        "id": 103,
        "name": "Écho d'Isabelle de Charrière : réception",
        "group": "Henley, Mari, Justification"
       },
       {
        "id": 104,
        "name": "Écho d'Isabelle de Charrière : dangers",
        "group": "Henley, Mari, Justification"
       },
       {
        "id": 105,
        "name": "Écho d'Isabelle de Charrière : sentimentalité",
        "group": "Henley, Mari, Justification"
       },
       {
        "id": 106,
        "name": "Écho d'Isabelle de Charrière : genèse",
        "group": "Henley, Mari, Justification"
       },
       {
        "id": 107,
        "name": "Écho d'Isabelle de Charrière : effet",
        "group": "Campagne : espoirs et aliénation"
       },
       {
        "id": 108,
        "name": "Écho d'Isabelle de Charrière : appel à texte",
        "group": "Henley, Mari, Justification"
       },
       {
        "id": 109,
        "name": "Écho d'Isabelle de Charrière : la Justification",
        "group": "Henley, Mari, Justification"
       },
       {
        "id": 110,
        "name": "Écho d'Isabelle de Charrière : édition pirate",
        "group": "Henley, Mari, Justification"
       },
       {
        "id": 111,
        "name": "Écho d'Isabelle de Charrière : angola",
        "group": "Charrière & Henley"
       },
       {
        "id": 112,
        "name": "Écho d'Isabelle de Charrière : angola",
        "group": "Charrière & Henley"
       },
       {
        "id": 113,
        "name": "Écho d'Isabelle de Charrière : les maris brutaux",
        "group": "Conflits dans la conjugalité"
       },
       {
        "id": 114,
        "name": "Écho d'Isabelle de Charrière : les trésors du marquis",
        "group": "Charrière & Henley "
       },
       {
        "id": 115,
        "name": "Écho d'Isabelle de Charrière : la campagne anglaise",
        "group": "Charrière & Henley"
       },
       {
        "id": 116,
        "name": "Écho d'Isabelle de Charrière : la campagne anglaise",
        "group": "Charrière & Henley"
       },
       {
        "id": 117,
        "name": "Écho d'Isabelle de Charrière : la campagne",
        "group": "Charrière & Henley"
       },
       {
        "id": 118,
        "name": "Écho d'Isabelle de Charrière : la campagne désolée",
        "group": "Charrière & Henley"
       }
        ],
        
        "links": [
      
          {
            "source": 1,
            "target": 2
          },
          {
            "source": 1,
            "target": 104
          },
          {
            "source": 2,
            "target": 3
          },
          {
           "source": 2,
           "target": 68
         },
         {
           "source": 2,
           "target": 105
         },
         {
           "source": 3,
           "target": 4
         },
         {
           "source": 3,
           "target": 27
         },
         {
           "source": 3,
           "target": 28
         },
         {
           "source": 3,
           "target": 45
         },{
           "source": 3,
           "target": 65
         },
         {
           "source": 3,
           "target": 69
         },
         {
           "source": 4,
           "target": 5
         },
         {
           "source": 4,
           "target": 48
         }, {
           "source": 4,
           "target": 62
         },
         {
           "source": 5,
           "target": 6
         },
         {
           "source": 5,
           "target": 35
         },
         {
           "source": 5,
           "target": 67
         },
         {
           "source": 5,
           "target": 66
         },
         {
           "source": 6,
           "target": 7
         },
         {
           "source": 6,
           "target": 95
         },
 
         {
           "source": 6,
           "target": 30
         },
 
         {
           "source": 6,
           "target": 37 
         },
 
         {
           "source": 6,
           "target": 95
         },
 
         {
           "source": 6,
           "target": 93
         },
         {
           "source": 7,
           "target": 8
         },
         {
           "source": 7,
           "target": 70
         },
         {
           "source": 7,
           "target": 72
         },
         {
           "source": 7,
           "target": 107
         },
         {
           "source": 7,
           "target": 42
         },
         {
           "source": 7,
           "target": 114
         },
         {
           "source": 8,
           "target": 9
         },
         {
           "source": 8,
           "target": 33
         },
         {
           "source": 8,
           "target": 79
         },
         {
           "source": 8,
           "target": 38
         },
         {
           "source": 9,
           "target": 10
         },
         {
           "source": 9,
           "target": 116
         },{
           "source": 9,
           "target": 39
         },{
           "source": 9,
           "target": 118
         },{
           "source": 9,
           "target": 40
         },
         {
           "source": 10,
           "target": 11
         },
         {
           "source": 10,
           "target": 73
         },
         {
          "source": 10,
          "target": 74
        },
         {
           "source": 10,
           "target": 91
         },
         {
           "source": 10,
           "target": 101
         },
         {
           "source": 10,
           "target": 94
         },
         {
           "source": 10,
           "target": 90
         },
         {
           "source": 10,
           "target": 89
         },
         {
           "source": 10,
           "target": 34
         },
         {
           "source": 11,
           "target": 12
         },
         {
           "source": 11,
           "target": 56
         },{
           "source": 11,
           "target": 54
         },
         {
           "source": 12,
           "target": 13
         },
         {
           "source": 12,
           "target": 111
         },
         {
           "source": 12,
           "target": 44
         },
         {
           "source": 12,
           "target": 31
         },
         {
           "source": 12,
           "target": 112
         },
         {
           "source": 12,
           "target": 50
         },
         {
           "source": 12,
           "target": 32
         },
         {
           "source": 12,
           "target": 71
         },
         {
           "source": 12,
           "target": 53
         },
         {
           "source": 12,
           "target": 58
         },
         {
           "source": 12,
           "target": 60
         },
         {
           "source": 12,
           "target": 86
         },
         {
           "source": 12,
           "target": 55
         },
         {
           "source": 13,
           "target": 14
         },
         {
           "source": 13,
           "target": 49
         },
         {
           "source": 13,
           "target": 51
         },
         {
           "source": 14,
           "target": 15
         },
         {
           "source": 14,
           "target": 85
         },
         {
           "source": 14,
           "target": 43
         },
         {
           "source": 15,
           "target": 16
         },
         {
           "source": 15,
           "target": 92
         },
         {
           "source": 16,
           "target": 17
         },
         {
           "source": 17,
           "target": 18
         },
         {
           "source": 17,
           "target": 57
         },
         {
           "source": 17,
           "target": 52
         },
         {
           "source": 18,
           "target": 19
         },
         {
           "source": 18,
           "target": 29
         },
         {
           "source": 19,
           "target": 20 
         },
         {
           "source": 19,
           "target": 36
         },
         {
           "source": 19,
           "target": 75
         },
         {
           "source": 19,
           "target": 76
         },
         {
           "source": 19,
           "target": 77 
         },
         {
           "source": 20,
           "target": 21
         },
         {
           "source": 20,
           "target": 84
         },
         {
           "source": 20,
           "target": 78
         },
         {
           "source": 20,
           "target": 113
         },
         {
           "source": 20,
           "target": 96
         },
         {
           "source": 21,
           "target": 22
         },
         {
           "source": 21,
           "target": 81
         },
         {
           "source": 21,
           "target": 85
         },
         {
           "source": 21,
           "target": 86
         },
         {
           "source": 21,
           "target": 87
         },
         {
           "source": 21,
           "target": 52
         },
         {
          "source": 21,
          "target": 97
        },
         {
           "source": 21,
           "target": 90
         },
         {
           "source": 21,
           "target": 47
         },
         {
           "source": 21,
           "target": 99
         },
         {
           "source": 22,
           "target": 23
         },
         {
           "source": 22,
           "target": 118
         },
         {
           "source": 23,
           "target": 24
         },
         {
           "source": 24,
           "target": 25
         },
         {
           "source": 24,
           "target": 86
         },
         {
           "source": 24,
           "target": 83
         },
         {
           "source": 25,
           "target": 26
         },
         {
           "source": 25,
           "target": 41
         },
         {
            "source": 25,
            "target": 105
          },
         {
           "source": 26,
           "target": 46
         },
         {
           "source": 26,
           "target": 82
         },
         {
           "source": 26,
           "target": 108
         },
         {
           "source": 26,
           "target": 98
         },
         {
           "source": 26,
           "target": 100
         },
         {
           "source": 27,
           "target": 58
         },
         {
           "source": 27,
           "target": 28
         },
         {
            "source": 27,
            "target": 111
          },
         {
           "source": 28,
           "target": 54
         },
         {
           "source": 28,
           "target": 56
         },
         {
           "source": 29,
           "target": 45
         },
         {
           "source": 31,
           "target": 59
         },
         {
           "source": 32,
           "target": 33
         },
         {
           "source": 34,
           "target": 61
         },
         {
           "source": 42,
           "target": 46
         },
         {
           "source": 42,
           "target": 86
         },
         {
           "source": 45,
           "target": 46
         },
         {
           "source": 45,
           "target": 48
         },
         {
           "source": 45,
           "target": 85
         },
         {
           "source": 46,
           "target": 86
         },
         {
           "source": 48,
           "target": 94
         },
         {
           "source": 50,
           "target": 53
         },
         {
           "source": 53,
           "target": 80
         },
         {
           "source": 53,
           "target": 54
         },
         {
           "source": 54,
           "target": 56
         },
         {
           "source": 55,
           "target": 58
         },
         {
           "source": 56,
           "target": 96
         },
         {
           "source": 56,
           "target": 57
         },
         {
           "source": 58,
           "target": 60
         },
         {
           "source": 62,
           "target": 63
         },
         {
           "source": 63,
           "target": 64
         },
         {
           "source": 64,
           "target": 100
         },
         {
            "source": 65,
            "target": 110
          },
          {
            "source": 66,
            "target": 109
          },
         {
           "source": 67,
           "target": 23
         },
         {
           "source": 68,
           "target": 27
         },
         {
           "source": 68,
           "target": 62
         },
         {
           "source": 69,
           "target": 12
         },
         {
           "source": 75,
           "target": 76
         },
         {
           "source": 76,
           "target": 77
         },
         {
           "source": 78,
           "target": 84
         },
         {
           "source": 81,
           "target": 48
         },
         {
           "source": 81,
           "target": 82
         },
         {
           "source": 88,
           "target": 83
         },
         {
           "source": 90,
           "target": 91
         },
         {
           "source": 98,
           "target": 64
         },
         {
           "source": 98,
           "target": 100
         },
         {
            "source": 102,
            "target": 103
          },
          {
            "source": 25,
            "target": 41
          },
          {
            "source": 104,
            "target": 102
          },
          {
            "source": 106,
            "target": 108
          },
         {
           "source": 115,
           "target": 116
         },
         {
          "source": 116,
          "target": 117
        },
         {
            "source": 116,
            "target": 48
          }

        ]}
      }
        
    